Frage,Antwort,Kategorie
Wie oft besuchen Sie Wochenmärkte?,Selten,Produktvorlieben
Wie oft besuchen Sie Wochenmärkte?,Selten,Marktpräferenzen
Wie wichtig ist Ihnen eine breite Produktpalette?,Wichtig,Konsumverhalten
Kaufen Sie oft regionale Produkte?,Nein,Produktvorlieben
Wie oft nutzen Sie Online-Marktplätze?,Täglich,Konsumverhalten
"Wären Sie bereit, mehr für nachhaltige Produkte zu bezahlen?",Vielleicht,Konsumverhalten
Wie wichtig ist Ihnen eine breite Produktpalette?,Sehr wichtig,Online-Verhalten
"Wären Sie bereit, mehr für nachhaltige Produkte zu bezahlen?",Ja,Standortpräferenzen
Kaufen Sie oft regionale Produkte?,Nein,Nachhaltigkeit
Wie wichtig ist Ihnen der Standort eines Marktes?,Unwichtig,Marktpräferenzen
Wie wichtig ist Ihnen eine breite Produktpalette?,Sehr wichtig,Online-Verhalten
Kaufen Sie oft regionale Produkte?,Gelegentlich,Marktpräferenzen
Wie zufrieden sind Sie mit lokalen Märkten?,Zufrieden,Nachhaltigkeit
Wie wichtig ist Ihnen Nachhaltigkeit?,Unwichtig,Konsumverhalten
Wie wichtig ist Ihnen Nachhaltigkeit?,Wichtig,Nachhaltigkeit
Kaufen Sie oft regionale Produkte?,Gelegentlich,Standortpräferenzen
Wie wichtig ist Ihnen Nachhaltigkeit?,Unwichtig,Standortpräferenzen
Wie wichtig ist Ihnen der Standort eines Marktes?,Sehr wichtig,Produktvorlieben
Wie wichtig ist Ihnen eine breite Produktpalette?,Unwichtig,Standortpräferenzen
Wie wichtig ist Ihnen der Standort eines Marktes?,Unwichtig,Standortpräferenzen
"Wären Sie bereit, mehr für nachhaltige Produkte zu bezahlen?",Ja,Online-Verhalten
Wie oft nutzen Sie Online-Marktplätze?,Wöchentlich,Produktvorlieben
Wie oft besuchen Sie Wochenmärkte?,Selten,Nachhaltigkeit
Wie zufrieden sind Sie mit lokalen Märkten?,Unzufrieden,Produktvorlieben
Wie zufrieden sind Sie mit lokalen Märkten?,Unzufrieden,Nachhaltigkeit
Wie oft besuchen Sie Wochenmärkte?,Nie,Standortpräferenzen
Wie zufrieden sind Sie mit lokalen Märkten?,Sehr zufrieden,Produktvorlieben
Wie oft kaufen Sie Bioprodukte?,Wöchentlich,Konsumverhalten
Kaufen Sie oft regionale Produkte?,Ja,Konsumverhalten
Würden Sie einen neuen Markt in Ihrer Nähe begrüßen?,Nein,Konsumverhalten
Wie wichtig ist Ihnen eine breite Produktpalette?,Sehr wichtig,Nachhaltigkeit
"Wären Sie bereit, mehr für nachhaltige Produkte zu bezahlen?",Vielleicht,Nachhaltigkeit
Wie wichtig ist Ihnen eine breite Produktpalette?,Unwichtig,Konsumverhalten
Wie oft kaufen Sie Bioprodukte?,Täglich,Konsumverhalten
Wie wichtig ist Ihnen der Standort eines Marktes?,Sehr wichtig,Online-Verhalten
Wie wichtig ist Ihnen der Standort eines Marktes?,Unwichtig,Konsumverhalten
Wie wichtig ist Ihnen Nachhaltigkeit?,Sehr wichtig,Konsumverhalten
Wie wichtig ist Ihnen der Standort eines Marktes?,Wichtig,Marktpräferenzen
"Wären Sie bereit, mehr für nachhaltige Produkte zu bezahlen?",Nein,Konsumverhalten
Wie oft kaufen Sie Bioprodukte?,Wöchentlich,Marktpräferenzen
Wie wichtig ist Ihnen der Standort eines Marktes?,Unwichtig,Online-Verhalten
Würden Sie einen neuen Markt in Ihrer Nähe begrüßen?,Ja,Nachhaltigkeit
Würden Sie einen neuen Markt in Ihrer Nähe begrüßen?,Ja,Online-Verhalten
Würden Sie einen neuen Markt in Ihrer Nähe begrüßen?,Vielleicht,Produktvorlieben
Wie zufrieden sind Sie mit lokalen Märkten?,Sehr zufrieden,Nachhaltigkeit
Kaufen Sie oft regionale Produkte?,Nein,Standortpräferenzen
Wie oft kaufen Sie Bioprodukte?,Wöchentlich,Nachhaltigkeit
Würden Sie einen neuen Markt in Ihrer Nähe begrüßen?,Vielleicht,Konsumverhalten
Wie zufrieden sind Sie mit lokalen Märkten?,Zufrieden,Konsumverhalten
"Wären Sie bereit, mehr für nachhaltige Produkte zu bezahlen?",Vielleicht,Konsumverhalten
Wie oft kaufen Sie Bioprodukte?,Selten,Nachhaltigkeit
Wie zufrieden sind Sie mit lokalen Märkten?,Sehr zufrieden,Konsumverhalten
Wie zufrieden sind Sie mit lokalen Märkten?,Zufrieden,Nachhaltigkeit
Wie wichtig ist Ihnen Nachhaltigkeit?,Unwichtig,Marktpräferenzen
Wie oft besuchen Sie Wochenmärkte?,Monatlich,Standortpräferenzen
"Wären Sie bereit, mehr für nachhaltige Produkte zu bezahlen?",Vielleicht,Online-Verhalten
Wie oft besuchen Sie Wochenmärkte?,Monatlich,Marktpräferenzen
Wie wichtig ist Ihnen Nachhaltigkeit?,Unwichtig,Produktvorlieben
Würden Sie einen neuen Markt in Ihrer Nähe begrüßen?,Vielleicht,Nachhaltigkeit
Wie zufrieden sind Sie mit lokalen Märkten?,Sehr zufrieden,Konsumverhalten
Wie oft kaufen Sie Bioprodukte?,Wöchentlich,Nachhaltigkeit
Wie zufrieden sind Sie mit lokalen Märkten?,Sehr zufrieden,Produktvorlieben
Würden Sie einen neuen Markt in Ihrer Nähe begrüßen?,Vielleicht,Online-Verhalten
Wie oft kaufen Sie Bioprodukte?,Täglich,Konsumverhalten
Wie zufrieden sind Sie mit lokalen Märkten?,Sehr zufrieden,Standortpräferenzen
Wie oft besuchen Sie Wochenmärkte?,Selten,Marktpräferenzen
Kaufen Sie oft regionale Produkte?,Gelegentlich,Standortpräferenzen
Würden Sie einen neuen Markt in Ihrer Nähe begrüßen?,Vielleicht,Standortpräferenzen
Kaufen Sie oft regionale Produkte?,Nein,Nachhaltigkeit
Wie wichtig ist Ihnen der Standort eines Marktes?,Wichtig,Online-Verhalten
Kaufen Sie oft regionale Produkte?,Ja,Nachhaltigkeit
Wie wichtig ist Ihnen eine breite Produktpalette?,Wichtig,Nachhaltigkeit
Wie oft besuchen Sie Wochenmärkte?,Wöchentlich,Marktpräferenzen
Würden Sie einen neuen Markt in Ihrer Nähe begrüßen?,Vielleicht,Konsumverhalten
Wie zufrieden sind Sie mit lokalen Märkten?,Sehr zufrieden,Standortpräferenzen
Wie oft besuchen Sie Wochenmärkte?,Monatlich,Standortpräferenzen
Wie oft nutzen Sie Online-Marktplätze?,Selten,Produktvorlieben
Würden Sie einen neuen Markt in Ihrer Nähe begrüßen?,Vielleicht,Online-Verhalten
Wie zufrieden sind Sie mit lokalen Märkten?,Zufrieden,Nachhaltigkeit
Wie wichtig ist Ihnen der Standort eines Marktes?,Sehr wichtig,Produktvorlieben
Wie wichtig ist Ihnen der Standort eines Marktes?,Unwichtig,Marktpräferenzen
Wie oft kaufen Sie Bioprodukte?,Nie,Marktpräferenzen
Würden Sie einen neuen Markt in Ihrer Nähe begrüßen?,Vielleicht,Nachhaltigkeit
Wie oft kaufen Sie Bioprodukte?,Täglich,Online-Verhalten
Wie oft besuchen Sie Wochenmärkte?,Wöchentlich,Produktvorlieben
Wie wichtig ist Ihnen der Standort eines Marktes?,Unwichtig,Marktpräferenzen
Wie oft besuchen Sie Wochenmärkte?,Monatlich,Produktvorlieben
Wie oft besuchen Sie Wochenmärkte?,Nie,Marktpräferenzen
Wie oft nutzen Sie Online-Marktplätze?,Wöchentlich,Nachhaltigkeit
Kaufen Sie oft regionale Produkte?,Ja,Produktvorlieben
Wie wichtig ist Ihnen der Standort eines Marktes?,Unwichtig,Produktvorlieben
Wie wichtig ist Ihnen eine breite Produktpalette?,Unwichtig,Produktvorlieben
Wie oft nutzen Sie Online-Marktplätze?,Wöchentlich,Standortpräferenzen
Wie wichtig ist Ihnen der Standort eines Marktes?,Unwichtig,Konsumverhalten
Wie oft kaufen Sie Bioprodukte?,Nie,Konsumverhalten
Wie oft kaufen Sie Bioprodukte?,Täglich,Online-Verhalten
Wie oft besuchen Sie Wochenmärkte?,Nie,Konsumverhalten
Würden Sie einen neuen Markt in Ihrer Nähe begrüßen?,Nein,Marktpräferenzen
Wie oft nutzen Sie Online-Marktplätze?,Täglich,Produktvorlieben
Wie wichtig ist Ihnen eine breite Produktpalette?,Unwichtig,Produktvorlieben
Kaufen Sie oft regionale Produkte?,Ja,Nachhaltigkeit
Kaufen Sie oft regionale Produkte?,Ja,Online-Verhalten
"Wären Sie bereit, mehr für nachhaltige Produkte zu bezahlen?",Ja,Marktpräferenzen
Wie zufrieden sind Sie mit lokalen Märkten?,Zufrieden,Produktvorlieben
Wie wichtig ist Ihnen eine breite Produktpalette?,Unwichtig,Standortpräferenzen
Wie oft besuchen Sie Wochenmärkte?,Monatlich,Konsumverhalten
Wie wichtig ist Ihnen Nachhaltigkeit?,Sehr wichtig,Produktvorlieben
Kaufen Sie oft regionale Produkte?,Nein,Standortpräferenzen
Wie oft kaufen Sie Bioprodukte?,Selten,Online-Verhalten
Wie oft nutzen Sie Online-Marktplätze?,Nie,Produktvorlieben
Wie wichtig ist Ihnen Nachhaltigkeit?,Wichtig,Konsumverhalten
"Wären Sie bereit, mehr für nachhaltige Produkte zu bezahlen?",Nein,Online-Verhalten
Wie zufrieden sind Sie mit lokalen Märkten?,Sehr zufrieden,Online-Verhalten
Wie oft nutzen Sie Online-Marktplätze?,Nie,Produktvorlieben
Wie zufrieden sind Sie mit lokalen Märkten?,Zufrieden,Standortpräferenzen
Wie zufrieden sind Sie mit lokalen Märkten?,Unzufrieden,Konsumverhalten
Wie wichtig ist Ihnen eine breite Produktpalette?,Unwichtig,Konsumverhalten
Wie wichtig ist Ihnen der Standort eines Marktes?,Wichtig,Marktpräferenzen
Wie wichtig ist Ihnen eine breite Produktpalette?,Sehr wichtig,Standortpräferenzen
Wie wichtig ist Ihnen eine breite Produktpalette?,Wichtig,Marktpräferenzen
Wie oft kaufen Sie Bioprodukte?,Täglich,Standortpräferenzen
Kaufen Sie oft regionale Produkte?,Gelegentlich,Marktpräferenzen
Würden Sie einen neuen Markt in Ihrer Nähe begrüßen?,Vielleicht,Online-Verhalten
Wie wichtig ist Ihnen eine breite Produktpalette?,Wichtig,Produktvorlieben
Wie wichtig ist Ihnen der Standort eines Marktes?,Sehr wichtig,Nachhaltigkeit
Wie wichtig ist Ihnen eine breite Produktpalette?,Wichtig,Online-Verhalten
Kaufen Sie oft regionale Produkte?,Gelegentlich,Konsumverhalten
Wie oft nutzen Sie Online-Marktplätze?,Wöchentlich,Marktpräferenzen
Wie wichtig ist Ihnen der Standort eines Marktes?,Sehr wichtig,Online-Verhalten
Wie wichtig ist Ihnen Nachhaltigkeit?,Sehr wichtig,Standortpräferenzen
Kaufen Sie oft regionale Produkte?,Ja,Online-Verhalten
Wie zufrieden sind Sie mit lokalen Märkten?,Sehr zufrieden,Online-Verhalten
Wie oft nutzen Sie Online-Marktplätze?,Täglich,Produktvorlieben
Wie oft besuchen Sie Wochenmärkte?,Monatlich,Marktpräferenzen
Wie zufrieden sind Sie mit lokalen Märkten?,Unzufrieden,Standortpräferenzen
Wie zufrieden sind Sie mit lokalen Märkten?,Zufrieden,Produktvorlieben
Wie wichtig ist Ihnen der Standort eines Marktes?,Unwichtig,Nachhaltigkeit
Wie oft kaufen Sie Bioprodukte?,Selten,Online-Verhalten
Wie wichtig ist Ihnen der Standort eines Marktes?,Unwichtig,Standortpräferenzen
Kaufen Sie oft regionale Produkte?,Ja,Standortpräferenzen
Wie wichtig ist Ihnen der Standort eines Marktes?,Sehr wichtig,Online-Verhalten
Wie wichtig ist Ihnen eine breite Produktpalette?,Unwichtig,Standortpräferenzen
Wie wichtig ist Ihnen der Standort eines Marktes?,Wichtig,Online-Verhalten
Wie oft besuchen Sie Wochenmärkte?,Selten,Online-Verhalten
"Wären Sie bereit, mehr für nachhaltige Produkte zu bezahlen?",Nein,Marktpräferenzen
Wie zufrieden sind Sie mit lokalen Märkten?,Zufrieden,Nachhaltigkeit
Wie zufrieden sind Sie mit lokalen Märkten?,Sehr zufrieden,Online-Verhalten
Wie oft besuchen Sie Wochenmärkte?,Selten,Standortpräferenzen
Wie zufrieden sind Sie mit lokalen Märkten?,Sehr zufrieden,Nachhaltigkeit
Wie wichtig ist Ihnen eine breite Produktpalette?,Sehr wichtig,Nachhaltigkeit
Wie wichtig ist Ihnen eine breite Produktpalette?,Wichtig,Marktpräferenzen
Kaufen Sie oft regionale Produkte?,Nein,Konsumverhalten
Wie wichtig ist Ihnen der Standort eines Marktes?,Unwichtig,Konsumverhalten
Wie wichtig ist Ihnen der Standort eines Marktes?,Unwichtig,Marktpräferenzen
Wie oft nutzen Sie Online-Marktplätze?,Selten,Marktpräferenzen
Wie wichtig ist Ihnen Nachhaltigkeit?,Unwichtig,Online-Verhalten
Wie oft kaufen Sie Bioprodukte?,Nie,Produktvorlieben
Wie oft kaufen Sie Bioprodukte?,Wöchentlich,Produktvorlieben
"Wären Sie bereit, mehr für nachhaltige Produkte zu bezahlen?",Ja,Konsumverhalten
Wie oft besuchen Sie Wochenmärkte?,Wöchentlich,Konsumverhalten
Wie wichtig ist Ihnen eine breite Produktpalette?,Wichtig,Online-Verhalten
Wie oft nutzen Sie Online-Marktplätze?,Täglich,Standortpräferenzen
Wie oft kaufen Sie Bioprodukte?,Täglich,Online-Verhalten
Würden Sie einen neuen Markt in Ihrer Nähe begrüßen?,Ja,Standortpräferenzen
Wie wichtig ist Ihnen der Standort eines Marktes?,Unwichtig,Standortpräferenzen
Kaufen Sie oft regionale Produkte?,Ja,Online-Verhalten
Wie zufrieden sind Sie mit lokalen Märkten?,Zufrieden,Nachhaltigkeit
Wie wichtig ist Ihnen Nachhaltigkeit?,Wichtig,Nachhaltigkeit
Wie oft nutzen Sie Online-Marktplätze?,Selten,Konsumverhalten
Wie wichtig ist Ihnen der Standort eines Marktes?,Wichtig,Standortpräferenzen
Würden Sie einen neuen Markt in Ihrer Nähe begrüßen?,Ja,Produktvorlieben
"Wären Sie bereit, mehr für nachhaltige Produkte zu bezahlen?",Vielleicht,Konsumverhalten
Wie wichtig ist Ihnen eine breite Produktpalette?,Unwichtig,Online-Verhalten
Wie wichtig ist Ihnen eine breite Produktpalette?,Sehr wichtig,Konsumverhalten
Wie wichtig ist Ihnen der Standort eines Marktes?,Unwichtig,Standortpräferenzen
Kaufen Sie oft regionale Produkte?,Gelegentlich,Nachhaltigkeit
Wie oft besuchen Sie Wochenmärkte?,Wöchentlich,Konsumverhalten
Kaufen Sie oft regionale Produkte?,Gelegentlich,Produktvorlieben
Wie wichtig ist Ihnen der Standort eines Marktes?,Wichtig,Produktvorlieben
Wie oft nutzen Sie Online-Marktplätze?,Wöchentlich,Nachhaltigkeit
Kaufen Sie oft regionale Produkte?,Gelegentlich,Konsumverhalten
Wie wichtig ist Ihnen eine breite Produktpalette?,Sehr wichtig,Nachhaltigkeit
Wie wichtig ist Ihnen eine breite Produktpalette?,Unwichtig,Standortpräferenzen
Wie wichtig ist Ihnen Nachhaltigkeit?,Wichtig,Standortpräferenzen
"Wären Sie bereit, mehr für nachhaltige Produkte zu bezahlen?",Ja,Konsumverhalten
Würden Sie einen neuen Markt in Ihrer Nähe begrüßen?,Ja,Nachhaltigkeit
Wie oft besuchen Sie Wochenmärkte?,Wöchentlich,Konsumverhalten
Wie wichtig ist Ihnen der Standort eines Marktes?,Wichtig,Marktpräferenzen
Wie oft kaufen Sie Bioprodukte?,Selten,Produktvorlieben
Wie oft kaufen Sie Bioprodukte?,Wöchentlich,Nachhaltigkeit
Wie wichtig ist Ihnen eine breite Produktpalette?,Unwichtig,Nachhaltigkeit
Wie oft nutzen Sie Online-Marktplätze?,Nie,Konsumverhalten
Wie wichtig ist Ihnen der Standort eines Marktes?,Sehr wichtig,Produktvorlieben
Wie wichtig ist Ihnen Nachhaltigkeit?,Wichtig,Marktpräferenzen
Kaufen Sie oft regionale Produkte?,Ja,Standortpräferenzen
Wie wichtig ist Ihnen der Standort eines Marktes?,Unwichtig,Standortpräferenzen
Wie oft besuchen Sie Wochenmärkte?,Monatlich,Standortpräferenzen
Würden Sie einen neuen Markt in Ihrer Nähe begrüßen?,Nein,Produktvorlieben
"Wären Sie bereit, mehr für nachhaltige Produkte zu bezahlen?",Ja,Marktpräferenzen
Kaufen Sie oft regionale Produkte?,Nein,Produktvorlieben
"Wären Sie bereit, mehr für nachhaltige Produkte zu bezahlen?",Ja,Online-Verhalten
"Wären Sie bereit, mehr für nachhaltige Produkte zu bezahlen?",Vielleicht,Konsumverhalten
Wie oft kaufen Sie Bioprodukte?,Täglich,Nachhaltigkeit
"Wären Sie bereit, mehr für nachhaltige Produkte zu bezahlen?",Nein,Standortpräferenzen
Kaufen Sie oft regionale Produkte?,Nein,Marktpräferenzen
Kaufen Sie oft regionale Produkte?,Ja,Konsumverhalten
Wie oft besuchen Sie Wochenmärkte?,Wöchentlich,Standortpräferenzen
Wie oft besuchen Sie Wochenmärkte?,Wöchentlich,Online-Verhalten
Wie wichtig ist Ihnen der Standort eines Marktes?,Sehr wichtig,Nachhaltigkeit
Kaufen Sie oft regionale Produkte?,Gelegentlich,Marktpräferenzen
Wie wichtig ist Ihnen der Standort eines Marktes?,Sehr wichtig,Produktvorlieben
Würden Sie einen neuen Markt in Ihrer Nähe begrüßen?,Vielleicht,Produktvorlieben
Würden Sie einen neuen Markt in Ihrer Nähe begrüßen?,Vielleicht,Konsumverhalten
Würden Sie einen neuen Markt in Ihrer Nähe begrüßen?,Ja,Online-Verhalten
Wie oft nutzen Sie Online-Marktplätze?,Nie,Standortpräferenzen
Wie oft kaufen Sie Bioprodukte?,Täglich,Marktpräferenzen
Wie wichtig ist Ihnen der Standort eines Marktes?,Sehr wichtig,Online-Verhalten
"Wären Sie bereit, mehr für nachhaltige Produkte zu bezahlen?",Vielleicht,Online-Verhalten
Wie oft besuchen Sie Wochenmärkte?,Monatlich,Konsumverhalten
Wie wichtig ist Ihnen der Standort eines Marktes?,Wichtig,Konsumverhalten
Wie oft nutzen Sie Online-Marktplätze?,Selten,Standortpräferenzen
Wie wichtig ist Ihnen Nachhaltigkeit?,Wichtig,Marktpräferenzen
"Wären Sie bereit, mehr für nachhaltige Produkte zu bezahlen?",Nein,Produktvorlieben
Wie zufrieden sind Sie mit lokalen Märkten?,Unzufrieden,Konsumverhalten
Wie wichtig ist Ihnen eine breite Produktpalette?,Sehr wichtig,Online-Verhalten
Wie oft kaufen Sie Bioprodukte?,Täglich,Standortpräferenzen
Kaufen Sie oft regionale Produkte?,Gelegentlich,Standortpräferenzen
Wie oft besuchen Sie Wochenmärkte?,Monatlich,Produktvorlieben
"Wären Sie bereit, mehr für nachhaltige Produkte zu bezahlen?",Nein,Konsumverhalten
Kaufen Sie oft regionale Produkte?,Nein,Marktpräferenzen
Kaufen Sie oft regionale Produkte?,Nein,Online-Verhalten
Wie oft nutzen Sie Online-Marktplätze?,Selten,Online-Verhalten
Wie oft besuchen Sie Wochenmärkte?,Nie,Standortpräferenzen
Wie wichtig ist Ihnen eine breite Produktpalette?,Wichtig,Konsumverhalten
Würden Sie einen neuen Markt in Ihrer Nähe begrüßen?,Vielleicht,Marktpräferenzen
Wie wichtig ist Ihnen der Standort eines Marktes?,Unwichtig,Online-Verhalten
Wie oft kaufen Sie Bioprodukte?,Selten,Konsumverhalten
Wie zufrieden sind Sie mit lokalen Märkten?,Sehr zufrieden,Standortpräferenzen
Wie wichtig ist Ihnen Nachhaltigkeit?,Sehr wichtig,Konsumverhalten
Wie oft besuchen Sie Wochenmärkte?,Selten,Produktvorlieben
Wie oft nutzen Sie Online-Marktplätze?,Wöchentlich,Online-Verhalten
Kaufen Sie oft regionale Produkte?,Ja,Marktpräferenzen
Wie oft kaufen Sie Bioprodukte?,Täglich,Konsumverhalten
Würden Sie einen neuen Markt in Ihrer Nähe begrüßen?,Vielleicht,Nachhaltigkeit
Würden Sie einen neuen Markt in Ihrer Nähe begrüßen?,Nein,Produktvorlieben
Wie zufrieden sind Sie mit lokalen Märkten?,Unzufrieden,Produktvorlieben
Wie oft besuchen Sie Wochenmärkte?,Nie,Konsumverhalten
Wie oft nutzen Sie Online-Marktplätze?,Wöchentlich,Nachhaltigkeit
Kaufen Sie oft regionale Produkte?,Gelegentlich,Konsumverhalten
Wie oft nutzen Sie Online-Marktplätze?,Täglich,Online-Verhalten
Wie wichtig ist Ihnen eine breite Produktpalette?,Unwichtig,Marktpräferenzen
Wie wichtig ist Ihnen der Standort eines Marktes?,Sehr wichtig,Online-Verhalten
Würden Sie einen neuen Markt in Ihrer Nähe begrüßen?,Vielleicht,Produktvorlieben
Wie oft kaufen Sie Bioprodukte?,Täglich,Nachhaltigkeit
Wie oft besuchen Sie Wochenmärkte?,Selten,Nachhaltigkeit
Wie oft kaufen Sie Bioprodukte?,Selten,Konsumverhalten
"Wären Sie bereit, mehr für nachhaltige Produkte zu bezahlen?",Vielleicht,Online-Verhalten
Wie zufrieden sind Sie mit lokalen Märkten?,Zufrieden,Online-Verhalten
Kaufen Sie oft regionale Produkte?,Ja,Konsumverhalten
Kaufen Sie oft regionale Produkte?,Nein,Online-Verhalten
Wie oft besuchen Sie Wochenmärkte?,Selten,Online-Verhalten
Wie oft kaufen Sie Bioprodukte?,Nie,Nachhaltigkeit
Wie wichtig ist Ihnen der Standort eines Marktes?,Unwichtig,Marktpräferenzen
Wie wichtig ist Ihnen eine breite Produktpalette?,Unwichtig,Marktpräferenzen
Wie oft besuchen Sie Wochenmärkte?,Monatlich,Konsumverhalten
Kaufen Sie oft regionale Produkte?,Nein,Online-Verhalten
Kaufen Sie oft regionale Produkte?,Gelegentlich,Standortpräferenzen
Wie oft kaufen Sie Bioprodukte?,Wöchentlich,Online-Verhalten
Wie wichtig ist Ihnen eine breite Produktpalette?,Unwichtig,Produktvorlieben
Wie oft kaufen Sie Bioprodukte?,Nie,Produktvorlieben
Wie zufrieden sind Sie mit lokalen Märkten?,Zufrieden,Standortpräferenzen
Wie wichtig ist Ihnen eine breite Produktpalette?,Unwichtig,Produktvorlieben
Wie oft kaufen Sie Bioprodukte?,Nie,Konsumverhalten
Kaufen Sie oft regionale Produkte?,Ja,Nachhaltigkeit
Wie zufrieden sind Sie mit lokalen Märkten?,Sehr zufrieden,Nachhaltigkeit
Kaufen Sie oft regionale Produkte?,Nein,Konsumverhalten
Wie wichtig ist Ihnen der Standort eines Marktes?,Wichtig,Standortpräferenzen
Wie zufrieden sind Sie mit lokalen Märkten?,Unzufrieden,Marktpräferenzen
Wie wichtig ist Ihnen der Standort eines Marktes?,Unwichtig,Online-Verhalten
Würden Sie einen neuen Markt in Ihrer Nähe begrüßen?,Nein,Marktpräferenzen
Kaufen Sie oft regionale Produkte?,Ja,Standortpräferenzen
Wie oft besuchen Sie Wochenmärkte?,Wöchentlich,Standortpräferenzen
Wie wichtig ist Ihnen der Standort eines Marktes?,Unwichtig,Produktvorlieben
Wie wichtig ist Ihnen der Standort eines Marktes?,Unwichtig,Produktvorlieben
Würden Sie einen neuen Markt in Ihrer Nähe begrüßen?,Vielleicht,Standortpräferenzen
Wie zufrieden sind Sie mit lokalen Märkten?,Zufrieden,Standortpräferenzen
"Wären Sie bereit, mehr für nachhaltige Produkte zu bezahlen?",Nein,Online-Verhalten
Wie wichtig ist Ihnen der Standort eines Marktes?,Wichtig,Online-Verhalten
Wie wichtig ist Ihnen der Standort eines Marktes?,Sehr wichtig,Standortpräferenzen
Wie wichtig ist Ihnen Nachhaltigkeit?,Unwichtig,Konsumverhalten
Kaufen Sie oft regionale Produkte?,Gelegentlich,Konsumverhalten
Wie oft nutzen Sie Online-Marktplätze?,Wöchentlich,Produktvorlieben
Wie oft kaufen Sie Bioprodukte?,Nie,Marktpräferenzen
Wie wichtig ist Ihnen der Standort eines Marktes?,Wichtig,Online-Verhalten
"Wären Sie bereit, mehr für nachhaltige Produkte zu bezahlen?",Vielleicht,Standortpräferenzen
Wie oft besuchen Sie Wochenmärkte?,Wöchentlich,Konsumverhalten
Wie zufrieden sind Sie mit lokalen Märkten?,Sehr zufrieden,Marktpräferenzen
Wie oft besuchen Sie Wochenmärkte?,Selten,Standortpräferenzen
Wie oft nutzen Sie Online-Marktplätze?,Nie,Standortpräferenzen
Wie oft besuchen Sie Wochenmärkte?,Wöchentlich,Online-Verhalten
Würden Sie einen neuen Markt in Ihrer Nähe begrüßen?,Nein,Standortpräferenzen
Würden Sie einen neuen Markt in Ihrer Nähe begrüßen?,Nein,Nachhaltigkeit
Wie wichtig ist Ihnen der Standort eines Marktes?,Unwichtig,Nachhaltigkeit
Wie wichtig ist Ihnen eine breite Produktpalette?,Wichtig,Standortpräferenzen
Wie wichtig ist Ihnen eine breite Produktpalette?,Unwichtig,Konsumverhalten
Wie wichtig ist Ihnen der Standort eines Marktes?,Wichtig,Standortpräferenzen
Wie wichtig ist Ihnen Nachhaltigkeit?,Wichtig,Nachhaltigkeit
Würden Sie einen neuen Markt in Ihrer Nähe begrüßen?,Vielleicht,Marktpräferenzen
Wie wichtig ist Ihnen Nachhaltigkeit?,Unwichtig,Produktvorlieben
Wie wichtig ist Ihnen der Standort eines Marktes?,Wichtig,Online-Verhalten
Wie oft kaufen Sie Bioprodukte?,Wöchentlich,Konsumverhalten
Wie wichtig ist Ihnen der Standort eines Marktes?,Wichtig,Produktvorlieben
Wie oft besuchen Sie Wochenmärkte?,Wöchentlich,Nachhaltigkeit
Wie oft besuchen Sie Wochenmärkte?,Monatlich,Nachhaltigkeit
Wie wichtig ist Ihnen der Standort eines Marktes?,Wichtig,Standortpräferenzen
Wie zufrieden sind Sie mit lokalen Märkten?,Zufrieden,Produktvorlieben
Wie wichtig ist Ihnen der Standort eines Marktes?,Wichtig,Standortpräferenzen
Wie wichtig ist Ihnen eine breite Produktpalette?,Unwichtig,Konsumverhalten
Wie wichtig ist Ihnen Nachhaltigkeit?,Wichtig,Standortpräferenzen
Wie zufrieden sind Sie mit lokalen Märkten?,Sehr zufrieden,Konsumverhalten
Wie wichtig ist Ihnen der Standort eines Marktes?,Unwichtig,Produktvorlieben
Wie oft nutzen Sie Online-Marktplätze?,Täglich,Standortpräferenzen
Wie oft nutzen Sie Online-Marktplätze?,Wöchentlich,Marktpräferenzen
Wie zufrieden sind Sie mit lokalen Märkten?,Zufrieden,Online-Verhalten
Wie oft kaufen Sie Bioprodukte?,Selten,Konsumverhalten
Wie wichtig ist Ihnen Nachhaltigkeit?,Wichtig,Marktpräferenzen
Wie oft besuchen Sie Wochenmärkte?,Wöchentlich,Konsumverhalten
Wie oft besuchen Sie Wochenmärkte?,Wöchentlich,Marktpräferenzen
Kaufen Sie oft regionale Produkte?,Ja,Produktvorlieben
"Wären Sie bereit, mehr für nachhaltige Produkte zu bezahlen?",Vielleicht,Konsumverhalten
"Wären Sie bereit, mehr für nachhaltige Produkte zu bezahlen?",Nein,Online-Verhalten
Wie oft besuchen Sie Wochenmärkte?,Nie,Online-Verhalten
Wie oft kaufen Sie Bioprodukte?,Nie,Standortpräferenzen
Wie wichtig ist Ihnen eine breite Produktpalette?,Unwichtig,Produktvorlieben
Wie oft nutzen Sie Online-Marktplätze?,Täglich,Konsumverhalten
Wie oft nutzen Sie Online-Marktplätze?,Nie,Marktpräferenzen
Wie wichtig ist Ihnen eine breite Produktpalette?,Wichtig,Produktvorlieben
"Wären Sie bereit, mehr für nachhaltige Produkte zu bezahlen?",Vielleicht,Online-Verhalten
Wie wichtig ist Ihnen Nachhaltigkeit?,Sehr wichtig,Online-Verhalten
Wie oft nutzen Sie Online-Marktplätze?,Täglich,Marktpräferenzen
Kaufen Sie oft regionale Produkte?,Ja,Standortpräferenzen
Wie oft besuchen Sie Wochenmärkte?,Wöchentlich,Marktpräferenzen
Würden Sie einen neuen Markt in Ihrer Nähe begrüßen?,Vielleicht,Konsumverhalten
Würden Sie einen neuen Markt in Ihrer Nähe begrüßen?,Nein,Standortpräferenzen
Wie oft kaufen Sie Bioprodukte?,Wöchentlich,Konsumverhalten
"Wären Sie bereit, mehr für nachhaltige Produkte zu bezahlen?",Nein,Marktpräferenzen
"Wären Sie bereit, mehr für nachhaltige Produkte zu bezahlen?",Ja,Produktvorlieben
Wie oft nutzen Sie Online-Marktplätze?,Täglich,Online-Verhalten
Wie wichtig ist Ihnen der Standort eines Marktes?,Sehr wichtig,Produktvorlieben
Wie zufrieden sind Sie mit lokalen Märkten?,Sehr zufrieden,Produktvorlieben
Wie wichtig ist Ihnen Nachhaltigkeit?,Unwichtig,Konsumverhalten
Wie wichtig ist Ihnen Nachhaltigkeit?,Sehr wichtig,Online-Verhalten
Wie wichtig ist Ihnen eine breite Produktpalette?,Wichtig,Produktvorlieben
"Wären Sie bereit, mehr für nachhaltige Produkte zu bezahlen?",Vielleicht,Standortpräferenzen
Wie oft nutzen Sie Online-Marktplätze?,Täglich,Konsumverhalten
Wie zufrieden sind Sie mit lokalen Märkten?,Sehr zufrieden,Konsumverhalten
Kaufen Sie oft regionale Produkte?,Nein,Standortpräferenzen
Kaufen Sie oft regionale Produkte?,Ja,Nachhaltigkeit
Wie oft besuchen Sie Wochenmärkte?,Selten,Konsumverhalten
Wie oft kaufen Sie Bioprodukte?,Selten,Nachhaltigkeit
Würden Sie einen neuen Markt in Ihrer Nähe begrüßen?,Vielleicht,Produktvorlieben
"Wären Sie bereit, mehr für nachhaltige Produkte zu bezahlen?",Nein,Konsumverhalten
Wie wichtig ist Ihnen eine breite Produktpalette?,Wichtig,Online-Verhalten
Wie oft kaufen Sie Bioprodukte?,Selten,Nachhaltigkeit
Wie wichtig ist Ihnen Nachhaltigkeit?,Wichtig,Produktvorlieben
Kaufen Sie oft regionale Produkte?,Nein,Online-Verhalten
Kaufen Sie oft regionale Produkte?,Nein,Produktvorlieben
Wie oft kaufen Sie Bioprodukte?,Selten,Nachhaltigkeit
Wie zufrieden sind Sie mit lokalen Märkten?,Sehr zufrieden,Nachhaltigkeit
Wie oft besuchen Sie Wochenmärkte?,Wöchentlich,Standortpräferenzen
Wie zufrieden sind Sie mit lokalen Märkten?,Zufrieden,Produktvorlieben
Wie oft kaufen Sie Bioprodukte?,Selten,Standortpräferenzen
Kaufen Sie oft regionale Produkte?,Ja,Marktpräferenzen
"Wären Sie bereit, mehr für nachhaltige Produkte zu bezahlen?",Vielleicht,Konsumverhalten
Wie wichtig ist Ihnen der Standort eines Marktes?,Unwichtig,Marktpräferenzen
Kaufen Sie oft regionale Produkte?,Gelegentlich,Nachhaltigkeit
"Wären Sie bereit, mehr für nachhaltige Produkte zu bezahlen?",Vielleicht,Online-Verhalten
"Wären Sie bereit, mehr für nachhaltige Produkte zu bezahlen?",Ja,Online-Verhalten
Wie wichtig ist Ihnen der Standort eines Marktes?,Unwichtig,Konsumverhalten
Wie zufrieden sind Sie mit lokalen Märkten?,Sehr zufrieden,Produktvorlieben
Würden Sie einen neuen Markt in Ihrer Nähe begrüßen?,Nein,Marktpräferenzen
Wie oft besuchen Sie Wochenmärkte?,Wöchentlich,Marktpräferenzen
Kaufen Sie oft regionale Produkte?,Gelegentlich,Konsumverhalten
Wie oft besuchen Sie Wochenmärkte?,Wöchentlich,Standortpräferenzen
Wie wichtig ist Ihnen Nachhaltigkeit?,Unwichtig,Produktvorlieben
Wie wichtig ist Ihnen der Standort eines Marktes?,Sehr wichtig,Produktvorlieben
Wie oft kaufen Sie Bioprodukte?,Nie,Produktvorlieben
Würden Sie einen neuen Markt in Ihrer Nähe begrüßen?,Ja,Produktvorlieben
Wie zufrieden sind Sie mit lokalen Märkten?,Sehr zufrieden,Nachhaltigkeit
Kaufen Sie oft regionale Produkte?,Ja,Produktvorlieben
"Wären Sie bereit, mehr für nachhaltige Produkte zu bezahlen?",Nein,Produktvorlieben
Kaufen Sie oft regionale Produkte?,Gelegentlich,Online-Verhalten
Wie wichtig ist Ihnen Nachhaltigkeit?,Sehr wichtig,Produktvorlieben
Wie wichtig ist Ihnen der Standort eines Marktes?,Wichtig,Standortpräferenzen
Wie wichtig ist Ihnen Nachhaltigkeit?,Unwichtig,Produktvorlieben
Wie wichtig ist Ihnen eine breite Produktpalette?,Wichtig,Produktvorlieben
"Wären Sie bereit, mehr für nachhaltige Produkte zu bezahlen?",Ja,Nachhaltigkeit
"Wären Sie bereit, mehr für nachhaltige Produkte zu bezahlen?",Nein,Standortpräferenzen
Wie zufrieden sind Sie mit lokalen Märkten?,Unzufrieden,Marktpräferenzen
Wie oft kaufen Sie Bioprodukte?,Wöchentlich,Standortpräferenzen
Kaufen Sie oft regionale Produkte?,Ja,Standortpräferenzen
Würden Sie einen neuen Markt in Ihrer Nähe begrüßen?,Ja,Online-Verhalten
Wie wichtig ist Ihnen Nachhaltigkeit?,Unwichtig,Produktvorlieben
Wie wichtig ist Ihnen der Standort eines Marktes?,Wichtig,Nachhaltigkeit
Wie oft nutzen Sie Online-Marktplätze?,Selten,Nachhaltigkeit
Wie wichtig ist Ihnen der Standort eines Marktes?,Sehr wichtig,Konsumverhalten
Wie wichtig ist Ihnen eine breite Produktpalette?,Unwichtig,Marktpräferenzen
Würden Sie einen neuen Markt in Ihrer Nähe begrüßen?,Nein,Marktpräferenzen
Wie wichtig ist Ihnen Nachhaltigkeit?,Sehr wichtig,Nachhaltigkeit
Wie oft besuchen Sie Wochenmärkte?,Monatlich,Online-Verhalten
Wie zufrieden sind Sie mit lokalen Märkten?,Unzufrieden,Standortpräferenzen
"Wären Sie bereit, mehr für nachhaltige Produkte zu bezahlen?",Nein,Produktvorlieben
Kaufen Sie oft regionale Produkte?,Ja,Konsumverhalten
Wie zufrieden sind Sie mit lokalen Märkten?,Unzufrieden,Marktpräferenzen
Wie oft kaufen Sie Bioprodukte?,Selten,Konsumverhalten
Wie oft nutzen Sie Online-Marktplätze?,Nie,Standortpräferenzen
Kaufen Sie oft regionale Produkte?,Ja,Standortpräferenzen
Wie oft nutzen Sie Online-Marktplätze?,Täglich,Nachhaltigkeit
Wie oft kaufen Sie Bioprodukte?,Nie,Marktpräferenzen
Wie wichtig ist Ihnen eine breite Produktpalette?,Wichtig,Produktvorlieben
Wie wichtig ist Ihnen Nachhaltigkeit?,Sehr wichtig,Nachhaltigkeit
Kaufen Sie oft regionale Produkte?,Gelegentlich,Standortpräferenzen
Wie wichtig ist Ihnen Nachhaltigkeit?,Wichtig,Konsumverhalten
Wie zufrieden sind Sie mit lokalen Märkten?,Zufrieden,Konsumverhalten
Wie wichtig ist Ihnen Nachhaltigkeit?,Unwichtig,Produktvorlieben
Wie wichtig ist Ihnen Nachhaltigkeit?,Wichtig,Online-Verhalten
Wie oft besuchen Sie Wochenmärkte?,Monatlich,Nachhaltigkeit
Würden Sie einen neuen Markt in Ihrer Nähe begrüßen?,Ja,Online-Verhalten
Wie oft besuchen Sie Wochenmärkte?,Wöchentlich,Konsumverhalten
Wie oft nutzen Sie Online-Marktplätze?,Täglich,Marktpräferenzen
"Wären Sie bereit, mehr für nachhaltige Produkte zu bezahlen?",Vielleicht,Online-Verhalten
Würden Sie einen neuen Markt in Ihrer Nähe begrüßen?,Vielleicht,Online-Verhalten
Wie oft nutzen Sie Online-Marktplätze?,Nie,Nachhaltigkeit
Kaufen Sie oft regionale Produkte?,Nein,Online-Verhalten
Wie oft kaufen Sie Bioprodukte?,Selten,Online-Verhalten
Wie oft besuchen Sie Wochenmärkte?,Wöchentlich,Nachhaltigkeit
Wie wichtig ist Ihnen eine breite Produktpalette?,Sehr wichtig,Marktpräferenzen
"Wären Sie bereit, mehr für nachhaltige Produkte zu bezahlen?",Vielleicht,Marktpräferenzen
Wie wichtig ist Ihnen Nachhaltigkeit?,Unwichtig,Standortpräferenzen
Würden Sie einen neuen Markt in Ihrer Nähe begrüßen?,Vielleicht,Online-Verhalten
Wie wichtig ist Ihnen Nachhaltigkeit?,Wichtig,Nachhaltigkeit
Würden Sie einen neuen Markt in Ihrer Nähe begrüßen?,Vielleicht,Produktvorlieben
Wie oft kaufen Sie Bioprodukte?,Täglich,Nachhaltigkeit
Kaufen Sie oft regionale Produkte?,Gelegentlich,Marktpräferenzen
Würden Sie einen neuen Markt in Ihrer Nähe begrüßen?,Nein,Marktpräferenzen
"Wären Sie bereit, mehr für nachhaltige Produkte zu bezahlen?",Vielleicht,Online-Verhalten
Kaufen Sie oft regionale Produkte?,Ja,Standortpräferenzen
Wie wichtig ist Ihnen der Standort eines Marktes?,Unwichtig,Online-Verhalten
"Wären Sie bereit, mehr für nachhaltige Produkte zu bezahlen?",Vielleicht,Nachhaltigkeit
Würden Sie einen neuen Markt in Ihrer Nähe begrüßen?,Vielleicht,Nachhaltigkeit
Wie wichtig ist Ihnen eine breite Produktpalette?,Sehr wichtig,Marktpräferenzen
Kaufen Sie oft regionale Produkte?,Ja,Konsumverhalten
Wie wichtig ist Ihnen der Standort eines Marktes?,Unwichtig,Marktpräferenzen
"Wären Sie bereit, mehr für nachhaltige Produkte zu bezahlen?",Ja,Standortpräferenzen
Wie wichtig ist Ihnen der Standort eines Marktes?,Unwichtig,Produktvorlieben
Wie zufrieden sind Sie mit lokalen Märkten?,Unzufrieden,Standortpräferenzen
Kaufen Sie oft regionale Produkte?,Gelegentlich,Konsumverhalten
Wie oft nutzen Sie Online-Marktplätze?,Nie,Standortpräferenzen
Wie oft kaufen Sie Bioprodukte?,Täglich,Online-Verhalten
Wie oft besuchen Sie Wochenmärkte?,Selten,Standortpräferenzen
Wie zufrieden sind Sie mit lokalen Märkten?,Sehr zufrieden,Produktvorlieben
Kaufen Sie oft regionale Produkte?,Gelegentlich,Produktvorlieben
Wie wichtig ist Ihnen eine breite Produktpalette?,Wichtig,Online-Verhalten
Wie wichtig ist Ihnen Nachhaltigkeit?,Wichtig,Standortpräferenzen
Wie oft besuchen Sie Wochenmärkte?,Selten,Nachhaltigkeit
"Wären Sie bereit, mehr für nachhaltige Produkte zu bezahlen?",Nein,Marktpräferenzen
Wie oft besuchen Sie Wochenmärkte?,Wöchentlich,Standortpräferenzen
Wie wichtig ist Ihnen der Standort eines Marktes?,Wichtig,Nachhaltigkeit
Wie wichtig ist Ihnen der Standort eines Marktes?,Unwichtig,Produktvorlieben
Wie oft nutzen Sie Online-Marktplätze?,Nie,Standortpräferenzen
Wie oft nutzen Sie Online-Marktplätze?,Nie,Konsumverhalten
Würden Sie einen neuen Markt in Ihrer Nähe begrüßen?,Ja,Online-Verhalten
Kaufen Sie oft regionale Produkte?,Gelegentlich,Konsumverhalten
Wie oft nutzen Sie Online-Marktplätze?,Nie,Nachhaltigkeit
Wie oft besuchen Sie Wochenmärkte?,Selten,Nachhaltigkeit
"Wären Sie bereit, mehr für nachhaltige Produkte zu bezahlen?",Ja,Standortpräferenzen
"Wären Sie bereit, mehr für nachhaltige Produkte zu bezahlen?",Vielleicht,Produktvorlieben
Wie wichtig ist Ihnen der Standort eines Marktes?,Wichtig,Marktpräferenzen
Wie oft kaufen Sie Bioprodukte?,Nie,Marktpräferenzen
Wie zufrieden sind Sie mit lokalen Märkten?,Zufrieden,Konsumverhalten
Wie wichtig ist Ihnen eine breite Produktpalette?,Unwichtig,Produktvorlieben
Wie oft besuchen Sie Wochenmärkte?,Wöchentlich,Konsumverhalten
Wie oft besuchen Sie Wochenmärkte?,Monatlich,Marktpräferenzen
Wie zufrieden sind Sie mit lokalen Märkten?,Unzufrieden,Nachhaltigkeit
Wie zufrieden sind Sie mit lokalen Märkten?,Unzufrieden,Online-Verhalten
Wie wichtig ist Ihnen Nachhaltigkeit?,Unwichtig,Standortpräferenzen
Wie zufrieden sind Sie mit lokalen Märkten?,Unzufrieden,Konsumverhalten
Kaufen Sie oft regionale Produkte?,Nein,Produktvorlieben
Wie oft kaufen Sie Bioprodukte?,Nie,Konsumverhalten
Wie zufrieden sind Sie mit lokalen Märkten?,Zufrieden,Online-Verhalten
Wie wichtig ist Ihnen der Standort eines Marktes?,Sehr wichtig,Standortpräferenzen
Wie oft nutzen Sie Online-Marktplätze?,Täglich,Online-Verhalten
Kaufen Sie oft regionale Produkte?,Nein,Produktvorlieben
Wie wichtig ist Ihnen Nachhaltigkeit?,Sehr wichtig,Online-Verhalten
Wie zufrieden sind Sie mit lokalen Märkten?,Sehr zufrieden,Konsumverhalten
Würden Sie einen neuen Markt in Ihrer Nähe begrüßen?,Ja,Produktvorlieben
Würden Sie einen neuen Markt in Ihrer Nähe begrüßen?,Vielleicht,Online-Verhalten
Wie oft besuchen Sie Wochenmärkte?,Selten,Online-Verhalten
Wie wichtig ist Ihnen eine breite Produktpalette?,Sehr wichtig,Standortpräferenzen
Wie wichtig ist Ihnen Nachhaltigkeit?,Wichtig,Konsumverhalten
Wie zufrieden sind Sie mit lokalen Märkten?,Sehr zufrieden,Nachhaltigkeit
Wie wichtig ist Ihnen Nachhaltigkeit?,Sehr wichtig,Produktvorlieben
Wie wichtig ist Ihnen Nachhaltigkeit?,Wichtig,Produktvorlieben
Wie zufrieden sind Sie mit lokalen Märkten?,Zufrieden,Standortpräferenzen
"Wären Sie bereit, mehr für nachhaltige Produkte zu bezahlen?",Nein,Online-Verhalten
Wie zufrieden sind Sie mit lokalen Märkten?,Sehr zufrieden,Nachhaltigkeit
Wie wichtig ist Ihnen der Standort eines Marktes?,Wichtig,Standortpräferenzen
Wie wichtig ist Ihnen der Standort eines Marktes?,Sehr wichtig,Online-Verhalten
"Wären Sie bereit, mehr für nachhaltige Produkte zu bezahlen?",Vielleicht,Online-Verhalten
Wie zufrieden sind Sie mit lokalen Märkten?,Unzufrieden,Standortpräferenzen
Wie zufrieden sind Sie mit lokalen Märkten?,Unzufrieden,Marktpräferenzen
Wie zufrieden sind Sie mit lokalen Märkten?,Unzufrieden,Marktpräferenzen
Wie wichtig ist Ihnen eine breite Produktpalette?,Sehr wichtig,Marktpräferenzen
Wie oft kaufen Sie Bioprodukte?,Wöchentlich,Produktvorlieben
Wie wichtig ist Ihnen eine breite Produktpalette?,Unwichtig,Produktvorlieben
Wie oft besuchen Sie Wochenmärkte?,Selten,Standortpräferenzen
Wie oft nutzen Sie Online-Marktplätze?,Täglich,Produktvorlieben
"Wären Sie bereit, mehr für nachhaltige Produkte zu bezahlen?",Vielleicht,Online-Verhalten
Kaufen Sie oft regionale Produkte?,Ja,Produktvorlieben
Wie oft kaufen Sie Bioprodukte?,Nie,Konsumverhalten
Würden Sie einen neuen Markt in Ihrer Nähe begrüßen?,Nein,Marktpräferenzen
Wie oft besuchen Sie Wochenmärkte?,Monatlich,Konsumverhalten
Wie wichtig ist Ihnen Nachhaltigkeit?,Sehr wichtig,Konsumverhalten
"Wären Sie bereit, mehr für nachhaltige Produkte zu bezahlen?",Vielleicht,Produktvorlieben
Wie oft kaufen Sie Bioprodukte?,Selten,Konsumverhalten
Wie wichtig ist Ihnen Nachhaltigkeit?,Wichtig,Produktvorlieben
Wie wichtig ist Ihnen Nachhaltigkeit?,Sehr wichtig,Nachhaltigkeit
Würden Sie einen neuen Markt in Ihrer Nähe begrüßen?,Nein,Produktvorlieben
"Wären Sie bereit, mehr für nachhaltige Produkte zu bezahlen?",Ja,Online-Verhalten
Würden Sie einen neuen Markt in Ihrer Nähe begrüßen?,Nein,Produktvorlieben
Würden Sie einen neuen Markt in Ihrer Nähe begrüßen?,Ja,Online-Verhalten
Kaufen Sie oft regionale Produkte?,Ja,Konsumverhalten
Kaufen Sie oft regionale Produkte?,Nein,Nachhaltigkeit
Würden Sie einen neuen Markt in Ihrer Nähe begrüßen?,Nein,Produktvorlieben
Wie oft nutzen Sie Online-Marktplätze?,Wöchentlich,Standortpräferenzen
Wie oft nutzen Sie Online-Marktplätze?,Selten,Online-Verhalten
"Wären Sie bereit, mehr für nachhaltige Produkte zu bezahlen?",Nein,Online-Verhalten
Würden Sie einen neuen Markt in Ihrer Nähe begrüßen?,Nein,Konsumverhalten
Wie wichtig ist Ihnen der Standort eines Marktes?,Sehr wichtig,Produktvorlieben
Wie wichtig ist Ihnen der Standort eines Marktes?,Sehr wichtig,Nachhaltigkeit
Wie oft kaufen Sie Bioprodukte?,Wöchentlich,Marktpräferenzen
Wie wichtig ist Ihnen der Standort eines Marktes?,Wichtig,Standortpräferenzen
Wie wichtig ist Ihnen eine breite Produktpalette?,Unwichtig,Konsumverhalten
Wie oft nutzen Sie Online-Marktplätze?,Selten,Nachhaltigkeit
Kaufen Sie oft regionale Produkte?,Nein,Produktvorlieben
Wie wichtig ist Ihnen der Standort eines Marktes?,Sehr wichtig,Nachhaltigkeit
Wie wichtig ist Ihnen eine breite Produktpalette?,Unwichtig,Produktvorlieben
Wie oft nutzen Sie Online-Marktplätze?,Nie,Produktvorlieben
Wie oft kaufen Sie Bioprodukte?,Wöchentlich,Standortpräferenzen
Wie oft besuchen Sie Wochenmärkte?,Monatlich,Online-Verhalten
Wie wichtig ist Ihnen Nachhaltigkeit?,Sehr wichtig,Produktvorlieben
"Wären Sie bereit, mehr für nachhaltige Produkte zu bezahlen?",Vielleicht,Konsumverhalten
Wie oft nutzen Sie Online-Marktplätze?,Nie,Marktpräferenzen
Wie wichtig ist Ihnen der Standort eines Marktes?,Sehr wichtig,Standortpräferenzen
Wie oft kaufen Sie Bioprodukte?,Täglich,Konsumverhalten
Wie zufrieden sind Sie mit lokalen Märkten?,Sehr zufrieden,Standortpräferenzen
Wie wichtig ist Ihnen Nachhaltigkeit?,Sehr wichtig,Standortpräferenzen
"Wären Sie bereit, mehr für nachhaltige Produkte zu bezahlen?",Nein,Produktvorlieben
"Wären Sie bereit, mehr für nachhaltige Produkte zu bezahlen?",Vielleicht,Produktvorlieben
Kaufen Sie oft regionale Produkte?,Gelegentlich,Produktvorlieben
Wie oft nutzen Sie Online-Marktplätze?,Selten,Nachhaltigkeit
Wie oft kaufen Sie Bioprodukte?,Selten,Produktvorlieben
Wie oft nutzen Sie Online-Marktplätze?,Wöchentlich,Produktvorlieben
Wie wichtig ist Ihnen eine breite Produktpalette?,Sehr wichtig,Standortpräferenzen
Würden Sie einen neuen Markt in Ihrer Nähe begrüßen?,Ja,Marktpräferenzen
Wie wichtig ist Ihnen eine breite Produktpalette?,Sehr wichtig,Konsumverhalten
Wie zufrieden sind Sie mit lokalen Märkten?,Sehr zufrieden,Marktpräferenzen
"Wären Sie bereit, mehr für nachhaltige Produkte zu bezahlen?",Vielleicht,Online-Verhalten
Wie wichtig ist Ihnen eine breite Produktpalette?,Sehr wichtig,Online-Verhalten
Wie wichtig ist Ihnen der Standort eines Marktes?,Wichtig,Standortpräferenzen
Wie wichtig ist Ihnen der Standort eines Marktes?,Wichtig,Nachhaltigkeit
Wie wichtig ist Ihnen Nachhaltigkeit?,Sehr wichtig,Nachhaltigkeit
Wie zufrieden sind Sie mit lokalen Märkten?,Unzufrieden,Online-Verhalten
Wie wichtig ist Ihnen eine breite Produktpalette?,Unwichtig,Marktpräferenzen
Würden Sie einen neuen Markt in Ihrer Nähe begrüßen?,Vielleicht,Marktpräferenzen
Wie wichtig ist Ihnen der Standort eines Marktes?,Unwichtig,Konsumverhalten
Wie oft nutzen Sie Online-Marktplätze?,Selten,Online-Verhalten
Wie oft nutzen Sie Online-Marktplätze?,Wöchentlich,Nachhaltigkeit
Wie wichtig ist Ihnen Nachhaltigkeit?,Unwichtig,Nachhaltigkeit
"Wären Sie bereit, mehr für nachhaltige Produkte zu bezahlen?",Ja,Nachhaltigkeit
Wie oft kaufen Sie Bioprodukte?,Wöchentlich,Nachhaltigkeit
"Wären Sie bereit, mehr für nachhaltige Produkte zu bezahlen?",Vielleicht,Standortpräferenzen
Wie zufrieden sind Sie mit lokalen Märkten?,Unzufrieden,Produktvorlieben
Kaufen Sie oft regionale Produkte?,Ja,Online-Verhalten
Wie oft besuchen Sie Wochenmärkte?,Selten,Konsumverhalten
Wie wichtig ist Ihnen eine breite Produktpalette?,Unwichtig,Standortpräferenzen
Wie oft nutzen Sie Online-Marktplätze?,Nie,Marktpräferenzen
Wie wichtig ist Ihnen Nachhaltigkeit?,Sehr wichtig,Standortpräferenzen
Wie oft kaufen Sie Bioprodukte?,Nie,Marktpräferenzen
"Wären Sie bereit, mehr für nachhaltige Produkte zu bezahlen?",Nein,Produktvorlieben
Wie oft kaufen Sie Bioprodukte?,Täglich,Online-Verhalten
Wie zufrieden sind Sie mit lokalen Märkten?,Unzufrieden,Konsumverhalten
Wie oft nutzen Sie Online-Marktplätze?,Täglich,Marktpräferenzen
Wie zufrieden sind Sie mit lokalen Märkten?,Zufrieden,Nachhaltigkeit
Wie wichtig ist Ihnen eine breite Produktpalette?,Sehr wichtig,Online-Verhalten
Wie wichtig ist Ihnen eine breite Produktpalette?,Sehr wichtig,Marktpräferenzen
Kaufen Sie oft regionale Produkte?,Nein,Marktpräferenzen
Wie wichtig ist Ihnen Nachhaltigkeit?,Unwichtig,Nachhaltigkeit
Würden Sie einen neuen Markt in Ihrer Nähe begrüßen?,Ja,Marktpräferenzen
Kaufen Sie oft regionale Produkte?,Ja,Marktpräferenzen
Wie oft besuchen Sie Wochenmärkte?,Selten,Marktpräferenzen
Wie oft kaufen Sie Bioprodukte?,Täglich,Standortpräferenzen
Wie oft besuchen Sie Wochenmärkte?,Nie,Nachhaltigkeit
"Wären Sie bereit, mehr für nachhaltige Produkte zu bezahlen?",Ja,Marktpräferenzen
Wie oft nutzen Sie Online-Marktplätze?,Täglich,Standortpräferenzen
Wie oft nutzen Sie Online-Marktplätze?,Nie,Marktpräferenzen
Kaufen Sie oft regionale Produkte?,Nein,Produktvorlieben
Wie oft nutzen Sie Online-Marktplätze?,Wöchentlich,Konsumverhalten
Wie wichtig ist Ihnen Nachhaltigkeit?,Unwichtig,Konsumverhalten
Wie wichtig ist Ihnen eine breite Produktpalette?,Wichtig,Produktvorlieben
Wie oft nutzen Sie Online-Marktplätze?,Wöchentlich,Marktpräferenzen
Wie oft besuchen Sie Wochenmärkte?,Nie,Konsumverhalten
Wie oft kaufen Sie Bioprodukte?,Nie,Nachhaltigkeit
Kaufen Sie oft regionale Produkte?,Ja,Marktpräferenzen
Kaufen Sie oft regionale Produkte?,Ja,Standortpräferenzen
"Wären Sie bereit, mehr für nachhaltige Produkte zu bezahlen?",Ja,Online-Verhalten
Wie wichtig ist Ihnen Nachhaltigkeit?,Wichtig,Standortpräferenzen
Wie zufrieden sind Sie mit lokalen Märkten?,Zufrieden,Online-Verhalten
Wie wichtig ist Ihnen eine breite Produktpalette?,Wichtig,Online-Verhalten
Würden Sie einen neuen Markt in Ihrer Nähe begrüßen?,Ja,Marktpräferenzen
Wie oft kaufen Sie Bioprodukte?,Selten,Marktpräferenzen
Wie wichtig ist Ihnen eine breite Produktpalette?,Wichtig,Marktpräferenzen
"Wären Sie bereit, mehr für nachhaltige Produkte zu bezahlen?",Ja,Standortpräferenzen
Wie wichtig ist Ihnen der Standort eines Marktes?,Wichtig,Standortpräferenzen
Wie oft kaufen Sie Bioprodukte?,Nie,Marktpräferenzen
Wie wichtig ist Ihnen eine breite Produktpalette?,Wichtig,Produktvorlieben
Würden Sie einen neuen Markt in Ihrer Nähe begrüßen?,Vielleicht,Online-Verhalten
Wie oft besuchen Sie Wochenmärkte?,Nie,Marktpräferenzen
Kaufen Sie oft regionale Produkte?,Nein,Konsumverhalten
Wie oft kaufen Sie Bioprodukte?,Täglich,Nachhaltigkeit
Kaufen Sie oft regionale Produkte?,Gelegentlich,Standortpräferenzen
"Wären Sie bereit, mehr für nachhaltige Produkte zu bezahlen?",Vielleicht,Online-Verhalten
Wie wichtig ist Ihnen eine breite Produktpalette?,Unwichtig,Produktvorlieben
Wie oft kaufen Sie Bioprodukte?,Täglich,Online-Verhalten
Wie wichtig ist Ihnen der Standort eines Marktes?,Unwichtig,Nachhaltigkeit
Wie wichtig ist Ihnen Nachhaltigkeit?,Unwichtig,Online-Verhalten
Wie oft nutzen Sie Online-Marktplätze?,Wöchentlich,Online-Verhalten
Wie oft besuchen Sie Wochenmärkte?,Selten,Nachhaltigkeit
Kaufen Sie oft regionale Produkte?,Nein,Online-Verhalten
Wie oft besuchen Sie Wochenmärkte?,Wöchentlich,Nachhaltigkeit
Würden Sie einen neuen Markt in Ihrer Nähe begrüßen?,Nein,Nachhaltigkeit
Wie oft besuchen Sie Wochenmärkte?,Selten,Online-Verhalten
Wie wichtig ist Ihnen der Standort eines Marktes?,Sehr wichtig,Marktpräferenzen
Wie zufrieden sind Sie mit lokalen Märkten?,Sehr zufrieden,Konsumverhalten
Wie wichtig ist Ihnen eine breite Produktpalette?,Sehr wichtig,Marktpräferenzen
Wie wichtig ist Ihnen eine breite Produktpalette?,Wichtig,Konsumverhalten
"Wären Sie bereit, mehr für nachhaltige Produkte zu bezahlen?",Ja,Standortpräferenzen
Wie oft nutzen Sie Online-Marktplätze?,Täglich,Standortpräferenzen
Wie oft kaufen Sie Bioprodukte?,Wöchentlich,Nachhaltigkeit
Kaufen Sie oft regionale Produkte?,Gelegentlich,Konsumverhalten
Wie zufrieden sind Sie mit lokalen Märkten?,Unzufrieden,Produktvorlieben
Wie oft kaufen Sie Bioprodukte?,Wöchentlich,Marktpräferenzen
Wie oft kaufen Sie Bioprodukte?,Täglich,Konsumverhalten
Kaufen Sie oft regionale Produkte?,Nein,Marktpräferenzen
Wie wichtig ist Ihnen eine breite Produktpalette?,Unwichtig,Online-Verhalten
Wie zufrieden sind Sie mit lokalen Märkten?,Zufrieden,Nachhaltigkeit
"Wären Sie bereit, mehr für nachhaltige Produkte zu bezahlen?",Ja,Standortpräferenzen
Wie wichtig ist Ihnen eine breite Produktpalette?,Wichtig,Nachhaltigkeit
Wie oft nutzen Sie Online-Marktplätze?,Selten,Online-Verhalten
Würden Sie einen neuen Markt in Ihrer Nähe begrüßen?,Ja,Marktpräferenzen
Wie oft kaufen Sie Bioprodukte?,Täglich,Konsumverhalten
"Wären Sie bereit, mehr für nachhaltige Produkte zu bezahlen?",Ja,Marktpräferenzen
"Wären Sie bereit, mehr für nachhaltige Produkte zu bezahlen?",Ja,Nachhaltigkeit
Wie oft nutzen Sie Online-Marktplätze?,Nie,Online-Verhalten
Wie wichtig ist Ihnen eine breite Produktpalette?,Sehr wichtig,Online-Verhalten
Kaufen Sie oft regionale Produkte?,Gelegentlich,Produktvorlieben
Wie oft besuchen Sie Wochenmärkte?,Nie,Marktpräferenzen
Wie wichtig ist Ihnen der Standort eines Marktes?,Wichtig,Standortpräferenzen
Wie oft nutzen Sie Online-Marktplätze?,Nie,Konsumverhalten
"Wären Sie bereit, mehr für nachhaltige Produkte zu bezahlen?",Vielleicht,Konsumverhalten
Wie oft kaufen Sie Bioprodukte?,Wöchentlich,Marktpräferenzen
Wie wichtig ist Ihnen der Standort eines Marktes?,Wichtig,Online-Verhalten
Wie oft besuchen Sie Wochenmärkte?,Wöchentlich,Produktvorlieben
Wie zufrieden sind Sie mit lokalen Märkten?,Unzufrieden,Online-Verhalten
Wie oft besuchen Sie Wochenmärkte?,Nie,Online-Verhalten
Würden Sie einen neuen Markt in Ihrer Nähe begrüßen?,Nein,Produktvorlieben
Wie wichtig ist Ihnen der Standort eines Marktes?,Wichtig,Marktpräferenzen
Wie zufrieden sind Sie mit lokalen Märkten?,Unzufrieden,Online-Verhalten
"Wären Sie bereit, mehr für nachhaltige Produkte zu bezahlen?",Vielleicht,Produktvorlieben
Würden Sie einen neuen Markt in Ihrer Nähe begrüßen?,Nein,Marktpräferenzen
Wie oft kaufen Sie Bioprodukte?,Nie,Standortpräferenzen
Wie oft nutzen Sie Online-Marktplätze?,Selten,Produktvorlieben
Wie wichtig ist Ihnen Nachhaltigkeit?,Sehr wichtig,Online-Verhalten
Wie oft besuchen Sie Wochenmärkte?,Nie,Standortpräferenzen
Wie zufrieden sind Sie mit lokalen Märkten?,Unzufrieden,Konsumverhalten
Wie wichtig ist Ihnen der Standort eines Marktes?,Unwichtig,Konsumverhalten
Wie oft nutzen Sie Online-Marktplätze?,Wöchentlich,Online-Verhalten
Wie wichtig ist Ihnen Nachhaltigkeit?,Sehr wichtig,Online-Verhalten
Wie oft kaufen Sie Bioprodukte?,Wöchentlich,Standortpräferenzen
Wie zufrieden sind Sie mit lokalen Märkten?,Sehr zufrieden,Online-Verhalten
Kaufen Sie oft regionale Produkte?,Nein,Standortpräferenzen
Kaufen Sie oft regionale Produkte?,Ja,Online-Verhalten
Wie wichtig ist Ihnen eine breite Produktpalette?,Unwichtig,Konsumverhalten
Wie wichtig ist Ihnen Nachhaltigkeit?,Unwichtig,Produktvorlieben
Wie wichtig ist Ihnen eine breite Produktpalette?,Unwichtig,Produktvorlieben
Wie wichtig ist Ihnen der Standort eines Marktes?,Sehr wichtig,Nachhaltigkeit
Wie zufrieden sind Sie mit lokalen Märkten?,Zufrieden,Marktpräferenzen
Wie wichtig ist Ihnen Nachhaltigkeit?,Sehr wichtig,Online-Verhalten
Wie wichtig ist Ihnen der Standort eines Marktes?,Wichtig,Nachhaltigkeit
Wie oft kaufen Sie Bioprodukte?,Nie,Nachhaltigkeit
Wie wichtig ist Ihnen der Standort eines Marktes?,Wichtig,Marktpräferenzen
Wie oft besuchen Sie Wochenmärkte?,Wöchentlich,Online-Verhalten
Wie wichtig ist Ihnen eine breite Produktpalette?,Sehr wichtig,Online-Verhalten
Wie oft kaufen Sie Bioprodukte?,Nie,Nachhaltigkeit
Wie wichtig ist Ihnen eine breite Produktpalette?,Unwichtig,Konsumverhalten
"Wären Sie bereit, mehr für nachhaltige Produkte zu bezahlen?",Vielleicht,Marktpräferenzen
Würden Sie einen neuen Markt in Ihrer Nähe begrüßen?,Vielleicht,Marktpräferenzen
Wie zufrieden sind Sie mit lokalen Märkten?,Sehr zufrieden,Marktpräferenzen
Wie oft kaufen Sie Bioprodukte?,Selten,Produktvorlieben
Wie oft nutzen Sie Online-Marktplätze?,Wöchentlich,Produktvorlieben
Wie zufrieden sind Sie mit lokalen Märkten?,Unzufrieden,Produktvorlieben
Wie oft kaufen Sie Bioprodukte?,Täglich,Standortpräferenzen
Würden Sie einen neuen Markt in Ihrer Nähe begrüßen?,Nein,Produktvorlieben
Wie oft kaufen Sie Bioprodukte?,Täglich,Produktvorlieben
Wie wichtig ist Ihnen eine breite Produktpalette?,Sehr wichtig,Konsumverhalten
Wie oft besuchen Sie Wochenmärkte?,Nie,Konsumverhalten
Würden Sie einen neuen Markt in Ihrer Nähe begrüßen?,Nein,Produktvorlieben
Würden Sie einen neuen Markt in Ihrer Nähe begrüßen?,Ja,Produktvorlieben
Kaufen Sie oft regionale Produkte?,Nein,Produktvorlieben
Wie zufrieden sind Sie mit lokalen Märkten?,Zufrieden,Marktpräferenzen
Wie wichtig ist Ihnen eine breite Produktpalette?,Wichtig,Konsumverhalten
Wie oft besuchen Sie Wochenmärkte?,Wöchentlich,Standortpräferenzen
Kaufen Sie oft regionale Produkte?,Nein,Marktpräferenzen
Wie oft besuchen Sie Wochenmärkte?,Nie,Online-Verhalten
Wie oft kaufen Sie Bioprodukte?,Selten,Produktvorlieben
Wie wichtig ist Ihnen eine breite Produktpalette?,Wichtig,Marktpräferenzen
Wie oft nutzen Sie Online-Marktplätze?,Wöchentlich,Produktvorlieben
Wie wichtig ist Ihnen eine breite Produktpalette?,Wichtig,Marktpräferenzen
Wie oft besuchen Sie Wochenmärkte?,Monatlich,Produktvorlieben
Würden Sie einen neuen Markt in Ihrer Nähe begrüßen?,Ja,Online-Verhalten
Wie oft kaufen Sie Bioprodukte?,Selten,Standortpräferenzen
Wie oft kaufen Sie Bioprodukte?,Täglich,Online-Verhalten
Wie wichtig ist Ihnen eine breite Produktpalette?,Unwichtig,Marktpräferenzen
Wie oft nutzen Sie Online-Marktplätze?,Nie,Marktpräferenzen
"Wären Sie bereit, mehr für nachhaltige Produkte zu bezahlen?",Ja,Nachhaltigkeit
Kaufen Sie oft regionale Produkte?,Nein,Standortpräferenzen
Wie zufrieden sind Sie mit lokalen Märkten?,Unzufrieden,Standortpräferenzen
Würden Sie einen neuen Markt in Ihrer Nähe begrüßen?,Vielleicht,Produktvorlieben
Wie oft besuchen Sie Wochenmärkte?,Selten,Konsumverhalten
Wie zufrieden sind Sie mit lokalen Märkten?,Zufrieden,Nachhaltigkeit
Wie oft besuchen Sie Wochenmärkte?,Monatlich,Konsumverhalten
Wie wichtig ist Ihnen der Standort eines Marktes?,Wichtig,Nachhaltigkeit
Wie oft besuchen Sie Wochenmärkte?,Wöchentlich,Online-Verhalten
Wie wichtig ist Ihnen Nachhaltigkeit?,Sehr wichtig,Nachhaltigkeit
Wie oft kaufen Sie Bioprodukte?,Täglich,Nachhaltigkeit
Wie oft kaufen Sie Bioprodukte?,Nie,Online-Verhalten
Wie oft kaufen Sie Bioprodukte?,Täglich,Marktpräferenzen
Würden Sie einen neuen Markt in Ihrer Nähe begrüßen?,Nein,Konsumverhalten
Würden Sie einen neuen Markt in Ihrer Nähe begrüßen?,Nein,Standortpräferenzen
"Wären Sie bereit, mehr für nachhaltige Produkte zu bezahlen?",Vielleicht,Standortpräferenzen
Wie wichtig ist Ihnen eine breite Produktpalette?,Wichtig,Standortpräferenzen
Wie wichtig ist Ihnen eine breite Produktpalette?,Wichtig,Online-Verhalten
Wie wichtig ist Ihnen eine breite Produktpalette?,Wichtig,Nachhaltigkeit
Kaufen Sie oft regionale Produkte?,Gelegentlich,Nachhaltigkeit
Wie wichtig ist Ihnen der Standort eines Marktes?,Wichtig,Online-Verhalten
Wie wichtig ist Ihnen Nachhaltigkeit?,Sehr wichtig,Konsumverhalten
Wie oft besuchen Sie Wochenmärkte?,Wöchentlich,Online-Verhalten
Wie oft besuchen Sie Wochenmärkte?,Nie,Konsumverhalten
Wie zufrieden sind Sie mit lokalen Märkten?,Sehr zufrieden,Nachhaltigkeit
Wie oft kaufen Sie Bioprodukte?,Nie,Standortpräferenzen
Würden Sie einen neuen Markt in Ihrer Nähe begrüßen?,Vielleicht,Online-Verhalten
Wie oft kaufen Sie Bioprodukte?,Nie,Marktpräferenzen
Wie oft nutzen Sie Online-Marktplätze?,Täglich,Online-Verhalten
Wie oft besuchen Sie Wochenmärkte?,Wöchentlich,Nachhaltigkeit
"Wären Sie bereit, mehr für nachhaltige Produkte zu bezahlen?",Vielleicht,Produktvorlieben
Wie wichtig ist Ihnen eine breite Produktpalette?,Wichtig,Produktvorlieben
Wie wichtig ist Ihnen der Standort eines Marktes?,Sehr wichtig,Nachhaltigkeit
Wie oft kaufen Sie Bioprodukte?,Täglich,Standortpräferenzen
Kaufen Sie oft regionale Produkte?,Ja,Marktpräferenzen
"Wären Sie bereit, mehr für nachhaltige Produkte zu bezahlen?",Vielleicht,Nachhaltigkeit
Wie wichtig ist Ihnen Nachhaltigkeit?,Sehr wichtig,Online-Verhalten
Wie oft nutzen Sie Online-Marktplätze?,Wöchentlich,Online-Verhalten
Wie oft nutzen Sie Online-Marktplätze?,Wöchentlich,Produktvorlieben
Kaufen Sie oft regionale Produkte?,Nein,Marktpräferenzen
Würden Sie einen neuen Markt in Ihrer Nähe begrüßen?,Nein,Nachhaltigkeit
Wie oft nutzen Sie Online-Marktplätze?,Nie,Standortpräferenzen
Würden Sie einen neuen Markt in Ihrer Nähe begrüßen?,Ja,Online-Verhalten
Wie oft nutzen Sie Online-Marktplätze?,Selten,Produktvorlieben
Wie oft besuchen Sie Wochenmärkte?,Monatlich,Online-Verhalten
Kaufen Sie oft regionale Produkte?,Gelegentlich,Nachhaltigkeit
Wie zufrieden sind Sie mit lokalen Märkten?,Zufrieden,Produktvorlieben
Wie wichtig ist Ihnen Nachhaltigkeit?,Wichtig,Standortpräferenzen
Würden Sie einen neuen Markt in Ihrer Nähe begrüßen?,Vielleicht,Online-Verhalten
Wie oft kaufen Sie Bioprodukte?,Nie,Marktpräferenzen
Kaufen Sie oft regionale Produkte?,Nein,Nachhaltigkeit
Wie zufrieden sind Sie mit lokalen Märkten?,Unzufrieden,Produktvorlieben
Wie wichtig ist Ihnen Nachhaltigkeit?,Sehr wichtig,Online-Verhalten
"Wären Sie bereit, mehr für nachhaltige Produkte zu bezahlen?",Nein,Produktvorlieben
Wie wichtig ist Ihnen der Standort eines Marktes?,Unwichtig,Standortpräferenzen
Wie wichtig ist Ihnen eine breite Produktpalette?,Sehr wichtig,Online-Verhalten
Wie wichtig ist Ihnen der Standort eines Marktes?,Sehr wichtig,Marktpräferenzen
"Wären Sie bereit, mehr für nachhaltige Produkte zu bezahlen?",Vielleicht,Konsumverhalten
Wie oft nutzen Sie Online-Marktplätze?,Täglich,Online-Verhalten
Wie oft nutzen Sie Online-Marktplätze?,Täglich,Online-Verhalten
Wie oft kaufen Sie Bioprodukte?,Nie,Produktvorlieben
Wie oft kaufen Sie Bioprodukte?,Wöchentlich,Standortpräferenzen
Würden Sie einen neuen Markt in Ihrer Nähe begrüßen?,Nein,Produktvorlieben
Wie wichtig ist Ihnen der Standort eines Marktes?,Unwichtig,Online-Verhalten
Wie oft nutzen Sie Online-Marktplätze?,Wöchentlich,Marktpräferenzen
Wie wichtig ist Ihnen Nachhaltigkeit?,Sehr wichtig,Standortpräferenzen
Wie oft besuchen Sie Wochenmärkte?,Monatlich,Marktpräferenzen
Wie wichtig ist Ihnen eine breite Produktpalette?,Unwichtig,Konsumverhalten
Kaufen Sie oft regionale Produkte?,Ja,Online-Verhalten
Wie wichtig ist Ihnen Nachhaltigkeit?,Wichtig,Nachhaltigkeit
Wie oft kaufen Sie Bioprodukte?,Nie,Produktvorlieben
Wie oft nutzen Sie Online-Marktplätze?,Täglich,Online-Verhalten
Kaufen Sie oft regionale Produkte?,Gelegentlich,Marktpräferenzen
Kaufen Sie oft regionale Produkte?,Ja,Konsumverhalten
Wie wichtig ist Ihnen Nachhaltigkeit?,Sehr wichtig,Online-Verhalten
Wie wichtig ist Ihnen der Standort eines Marktes?,Unwichtig,Marktpräferenzen
Kaufen Sie oft regionale Produkte?,Gelegentlich,Nachhaltigkeit
"Wären Sie bereit, mehr für nachhaltige Produkte zu bezahlen?",Vielleicht,Nachhaltigkeit
Wie wichtig ist Ihnen Nachhaltigkeit?,Wichtig,Standortpräferenzen
Wie oft nutzen Sie Online-Marktplätze?,Täglich,Produktvorlieben
Würden Sie einen neuen Markt in Ihrer Nähe begrüßen?,Vielleicht,Konsumverhalten
Wie wichtig ist Ihnen eine breite Produktpalette?,Sehr wichtig,Nachhaltigkeit
Wie zufrieden sind Sie mit lokalen Märkten?,Sehr zufrieden,Nachhaltigkeit
Wie oft nutzen Sie Online-Marktplätze?,Wöchentlich,Standortpräferenzen
Wie wichtig ist Ihnen eine breite Produktpalette?,Unwichtig,Standortpräferenzen
Wie oft nutzen Sie Online-Marktplätze?,Täglich,Nachhaltigkeit
Wie wichtig ist Ihnen eine breite Produktpalette?,Unwichtig,Produktvorlieben
Kaufen Sie oft regionale Produkte?,Gelegentlich,Konsumverhalten
Wie wichtig ist Ihnen der Standort eines Marktes?,Unwichtig,Konsumverhalten
Wie oft nutzen Sie Online-Marktplätze?,Nie,Standortpräferenzen
"Wären Sie bereit, mehr für nachhaltige Produkte zu bezahlen?",Ja,Standortpräferenzen
Wie oft kaufen Sie Bioprodukte?,Selten,Produktvorlieben
Wie oft kaufen Sie Bioprodukte?,Täglich,Marktpräferenzen
"Wären Sie bereit, mehr für nachhaltige Produkte zu bezahlen?",Vielleicht,Online-Verhalten
Wie zufrieden sind Sie mit lokalen Märkten?,Zufrieden,Produktvorlieben
Wie wichtig ist Ihnen Nachhaltigkeit?,Unwichtig,Marktpräferenzen
Würden Sie einen neuen Markt in Ihrer Nähe begrüßen?,Ja,Marktpräferenzen
Wie wichtig ist Ihnen Nachhaltigkeit?,Unwichtig,Konsumverhalten
Wie oft besuchen Sie Wochenmärkte?,Wöchentlich,Produktvorlieben
Würden Sie einen neuen Markt in Ihrer Nähe begrüßen?,Ja,Nachhaltigkeit
Wie zufrieden sind Sie mit lokalen Märkten?,Unzufrieden,Online-Verhalten
Wie wichtig ist Ihnen Nachhaltigkeit?,Sehr wichtig,Nachhaltigkeit
Wie wichtig ist Ihnen Nachhaltigkeit?,Unwichtig,Nachhaltigkeit
Wie oft kaufen Sie Bioprodukte?,Wöchentlich,Online-Verhalten
"Wären Sie bereit, mehr für nachhaltige Produkte zu bezahlen?",Ja,Produktvorlieben
Würden Sie einen neuen Markt in Ihrer Nähe begrüßen?,Nein,Konsumverhalten
Würden Sie einen neuen Markt in Ihrer Nähe begrüßen?,Nein,Nachhaltigkeit
Wie wichtig ist Ihnen der Standort eines Marktes?,Unwichtig,Marktpräferenzen
"Wären Sie bereit, mehr für nachhaltige Produkte zu bezahlen?",Vielleicht,Marktpräferenzen
Wie oft kaufen Sie Bioprodukte?,Nie,Online-Verhalten
Wie wichtig ist Ihnen Nachhaltigkeit?,Unwichtig,Produktvorlieben
"Wären Sie bereit, mehr für nachhaltige Produkte zu bezahlen?",Nein,Konsumverhalten
Kaufen Sie oft regionale Produkte?,Gelegentlich,Marktpräferenzen
Wie wichtig ist Ihnen der Standort eines Marktes?,Unwichtig,Konsumverhalten
Wie zufrieden sind Sie mit lokalen Märkten?,Sehr zufrieden,Nachhaltigkeit
Wie wichtig ist Ihnen der Standort eines Marktes?,Unwichtig,Nachhaltigkeit
Wie zufrieden sind Sie mit lokalen Märkten?,Unzufrieden,Marktpräferenzen
Wie oft nutzen Sie Online-Marktplätze?,Nie,Marktpräferenzen
Wie wichtig ist Ihnen der Standort eines Marktes?,Wichtig,Marktpräferenzen
"Wären Sie bereit, mehr für nachhaltige Produkte zu bezahlen?",Vielleicht,Produktvorlieben
Wie oft nutzen Sie Online-Marktplätze?,Selten,Standortpräferenzen
Wie oft nutzen Sie Online-Marktplätze?,Täglich,Nachhaltigkeit
"Wären Sie bereit, mehr für nachhaltige Produkte zu bezahlen?",Vielleicht,Standortpräferenzen
Wie oft besuchen Sie Wochenmärkte?,Nie,Online-Verhalten
"Wären Sie bereit, mehr für nachhaltige Produkte zu bezahlen?",Vielleicht,Konsumverhalten
Wie oft nutzen Sie Online-Marktplätze?,Nie,Standortpräferenzen
Wie zufrieden sind Sie mit lokalen Märkten?,Zufrieden,Produktvorlieben
Wie zufrieden sind Sie mit lokalen Märkten?,Zufrieden,Konsumverhalten
Würden Sie einen neuen Markt in Ihrer Nähe begrüßen?,Vielleicht,Standortpräferenzen
Kaufen Sie oft regionale Produkte?,Gelegentlich,Konsumverhalten
Würden Sie einen neuen Markt in Ihrer Nähe begrüßen?,Nein,Online-Verhalten
Wie zufrieden sind Sie mit lokalen Märkten?,Zufrieden,Marktpräferenzen
Würden Sie einen neuen Markt in Ihrer Nähe begrüßen?,Vielleicht,Standortpräferenzen
Kaufen Sie oft regionale Produkte?,Gelegentlich,Nachhaltigkeit
Wie zufrieden sind Sie mit lokalen Märkten?,Zufrieden,Konsumverhalten
Wie oft nutzen Sie Online-Marktplätze?,Selten,Online-Verhalten
Wie wichtig ist Ihnen Nachhaltigkeit?,Wichtig,Nachhaltigkeit
Wie wichtig ist Ihnen eine breite Produktpalette?,Sehr wichtig,Nachhaltigkeit
Wie zufrieden sind Sie mit lokalen Märkten?,Zufrieden,Nachhaltigkeit
Wie wichtig ist Ihnen Nachhaltigkeit?,Unwichtig,Standortpräferenzen
Würden Sie einen neuen Markt in Ihrer Nähe begrüßen?,Ja,Marktpräferenzen
Wie wichtig ist Ihnen der Standort eines Marktes?,Wichtig,Standortpräferenzen
Wie oft nutzen Sie Online-Marktplätze?,Täglich,Konsumverhalten
Wie oft besuchen Sie Wochenmärkte?,Monatlich,Online-Verhalten
Wie oft kaufen Sie Bioprodukte?,Selten,Produktvorlieben
Würden Sie einen neuen Markt in Ihrer Nähe begrüßen?,Nein,Produktvorlieben
Wie oft besuchen Sie Wochenmärkte?,Wöchentlich,Konsumverhalten
Wie oft besuchen Sie Wochenmärkte?,Nie,Produktvorlieben
Wie oft nutzen Sie Online-Marktplätze?,Wöchentlich,Marktpräferenzen
"Wären Sie bereit, mehr für nachhaltige Produkte zu bezahlen?",Nein,Standortpräferenzen
Wie wichtig ist Ihnen Nachhaltigkeit?,Sehr wichtig,Nachhaltigkeit
"Wären Sie bereit, mehr für nachhaltige Produkte zu bezahlen?",Nein,Standortpräferenzen
Wie wichtig ist Ihnen eine breite Produktpalette?,Unwichtig,Marktpräferenzen
Wie wichtig ist Ihnen eine breite Produktpalette?,Unwichtig,Konsumverhalten
Wie oft nutzen Sie Online-Marktplätze?,Wöchentlich,Online-Verhalten
Wie oft nutzen Sie Online-Marktplätze?,Täglich,Produktvorlieben
Wie wichtig ist Ihnen Nachhaltigkeit?,Sehr wichtig,Online-Verhalten
Wie wichtig ist Ihnen eine breite Produktpalette?,Wichtig,Standortpräferenzen
Wie wichtig ist Ihnen eine breite Produktpalette?,Wichtig,Konsumverhalten
Wie zufrieden sind Sie mit lokalen Märkten?,Sehr zufrieden,Standortpräferenzen
"Wären Sie bereit, mehr für nachhaltige Produkte zu bezahlen?",Ja,Standortpräferenzen
Kaufen Sie oft regionale Produkte?,Gelegentlich,Produktvorlieben
Kaufen Sie oft regionale Produkte?,Ja,Marktpräferenzen
Kaufen Sie oft regionale Produkte?,Nein,Konsumverhalten
Wie zufrieden sind Sie mit lokalen Märkten?,Unzufrieden,Marktpräferenzen
Kaufen Sie oft regionale Produkte?,Ja,Standortpräferenzen
Wie wichtig ist Ihnen Nachhaltigkeit?,Unwichtig,Online-Verhalten
Wie zufrieden sind Sie mit lokalen Märkten?,Zufrieden,Marktpräferenzen
Wie wichtig ist Ihnen eine breite Produktpalette?,Unwichtig,Produktvorlieben
Wie oft kaufen Sie Bioprodukte?,Nie,Online-Verhalten
Kaufen Sie oft regionale Produkte?,Ja,Produktvorlieben
Wie zufrieden sind Sie mit lokalen Märkten?,Unzufrieden,Marktpräferenzen
Wie wichtig ist Ihnen der Standort eines Marktes?,Unwichtig,Nachhaltigkeit
Würden Sie einen neuen Markt in Ihrer Nähe begrüßen?,Nein,Standortpräferenzen
Wie wichtig ist Ihnen der Standort eines Marktes?,Wichtig,Standortpräferenzen
Wie oft nutzen Sie Online-Marktplätze?,Wöchentlich,Konsumverhalten
Wie wichtig ist Ihnen der Standort eines Marktes?,Sehr wichtig,Online-Verhalten
Wie wichtig ist Ihnen eine breite Produktpalette?,Wichtig,Standortpräferenzen
Wie oft besuchen Sie Wochenmärkte?,Selten,Standortpräferenzen
Wie wichtig ist Ihnen der Standort eines Marktes?,Wichtig,Online-Verhalten
Wie wichtig ist Ihnen Nachhaltigkeit?,Wichtig,Konsumverhalten
Wie wichtig ist Ihnen Nachhaltigkeit?,Unwichtig,Online-Verhalten
Kaufen Sie oft regionale Produkte?,Nein,Online-Verhalten
Wie wichtig ist Ihnen Nachhaltigkeit?,Sehr wichtig,Konsumverhalten
Wie wichtig ist Ihnen der Standort eines Marktes?,Sehr wichtig,Standortpräferenzen
Wie zufrieden sind Sie mit lokalen Märkten?,Zufrieden,Marktpräferenzen
Wie wichtig ist Ihnen Nachhaltigkeit?,Sehr wichtig,Produktvorlieben
Wie wichtig ist Ihnen Nachhaltigkeit?,Sehr wichtig,Produktvorlieben
Wie wichtig ist Ihnen der Standort eines Marktes?,Sehr wichtig,Marktpräferenzen
"Wären Sie bereit, mehr für nachhaltige Produkte zu bezahlen?",Nein,Produktvorlieben
"Wären Sie bereit, mehr für nachhaltige Produkte zu bezahlen?",Nein,Nachhaltigkeit
Wie oft besuchen Sie Wochenmärkte?,Wöchentlich,Nachhaltigkeit
Kaufen Sie oft regionale Produkte?,Ja,Online-Verhalten
Wie wichtig ist Ihnen Nachhaltigkeit?,Wichtig,Marktpräferenzen
Wie wichtig ist Ihnen der Standort eines Marktes?,Sehr wichtig,Nachhaltigkeit
Wie oft nutzen Sie Online-Marktplätze?,Wöchentlich,Online-Verhalten
"Wären Sie bereit, mehr für nachhaltige Produkte zu bezahlen?",Ja,Marktpräferenzen
Würden Sie einen neuen Markt in Ihrer Nähe begrüßen?,Vielleicht,Nachhaltigkeit
Wie zufrieden sind Sie mit lokalen Märkten?,Unzufrieden,Produktvorlieben
Wie wichtig ist Ihnen der Standort eines Marktes?,Wichtig,Nachhaltigkeit
Wie oft besuchen Sie Wochenmärkte?,Nie,Standortpräferenzen
Wie zufrieden sind Sie mit lokalen Märkten?,Unzufrieden,Online-Verhalten
Wie zufrieden sind Sie mit lokalen Märkten?,Zufrieden,Standortpräferenzen
Kaufen Sie oft regionale Produkte?,Gelegentlich,Marktpräferenzen
Würden Sie einen neuen Markt in Ihrer Nähe begrüßen?,Nein,Nachhaltigkeit
Wie wichtig ist Ihnen Nachhaltigkeit?,Unwichtig,Konsumverhalten
Wie wichtig ist Ihnen Nachhaltigkeit?,Unwichtig,Standortpräferenzen
"Wären Sie bereit, mehr für nachhaltige Produkte zu bezahlen?",Vielleicht,Online-Verhalten
Wie wichtig ist Ihnen Nachhaltigkeit?,Unwichtig,Konsumverhalten
Wie oft besuchen Sie Wochenmärkte?,Nie,Konsumverhalten
Wie wichtig ist Ihnen der Standort eines Marktes?,Sehr wichtig,Produktvorlieben
Wie oft kaufen Sie Bioprodukte?,Wöchentlich,Online-Verhalten
Würden Sie einen neuen Markt in Ihrer Nähe begrüßen?,Nein,Produktvorlieben
Würden Sie einen neuen Markt in Ihrer Nähe begrüßen?,Vielleicht,Online-Verhalten
Wie oft kaufen Sie Bioprodukte?,Selten,Online-Verhalten
"Wären Sie bereit, mehr für nachhaltige Produkte zu bezahlen?",Nein,Standortpräferenzen
Wie wichtig ist Ihnen Nachhaltigkeit?,Sehr wichtig,Online-Verhalten
Wie wichtig ist Ihnen Nachhaltigkeit?,Wichtig,Produktvorlieben
Wie oft nutzen Sie Online-Marktplätze?,Wöchentlich,Nachhaltigkeit
Wie oft besuchen Sie Wochenmärkte?,Monatlich,Konsumverhalten
Wie wichtig ist Ihnen der Standort eines Marktes?,Unwichtig,Nachhaltigkeit
Wie wichtig ist Ihnen der Standort eines Marktes?,Unwichtig,Marktpräferenzen
Wie wichtig ist Ihnen der Standort eines Marktes?,Unwichtig,Standortpräferenzen
Wie oft kaufen Sie Bioprodukte?,Selten,Konsumverhalten
Kaufen Sie oft regionale Produkte?,Gelegentlich,Online-Verhalten
Kaufen Sie oft regionale Produkte?,Gelegentlich,Marktpräferenzen
Würden Sie einen neuen Markt in Ihrer Nähe begrüßen?,Ja,Online-Verhalten
Wie wichtig ist Ihnen eine breite Produktpalette?,Wichtig,Online-Verhalten
Würden Sie einen neuen Markt in Ihrer Nähe begrüßen?,Vielleicht,Online-Verhalten
Würden Sie einen neuen Markt in Ihrer Nähe begrüßen?,Nein,Produktvorlieben
Wie wichtig ist Ihnen Nachhaltigkeit?,Wichtig,Marktpräferenzen
Kaufen Sie oft regionale Produkte?,Ja,Standortpräferenzen
Wie wichtig ist Ihnen der Standort eines Marktes?,Wichtig,Produktvorlieben
Wie oft kaufen Sie Bioprodukte?,Täglich,Nachhaltigkeit
Wie wichtig ist Ihnen Nachhaltigkeit?,Sehr wichtig,Standortpräferenzen
Wie wichtig ist Ihnen Nachhaltigkeit?,Sehr wichtig,Nachhaltigkeit
Wie oft nutzen Sie Online-Marktplätze?,Wöchentlich,Konsumverhalten
Wie oft besuchen Sie Wochenmärkte?,Monatlich,Standortpräferenzen
Wie wichtig ist Ihnen der Standort eines Marktes?,Unwichtig,Konsumverhalten
Wie oft nutzen Sie Online-Marktplätze?,Nie,Standortpräferenzen
Wie wichtig ist Ihnen Nachhaltigkeit?,Wichtig,Marktpräferenzen
"Wären Sie bereit, mehr für nachhaltige Produkte zu bezahlen?",Ja,Produktvorlieben
Wie wichtig ist Ihnen eine breite Produktpalette?,Wichtig,Produktvorlieben
Würden Sie einen neuen Markt in Ihrer Nähe begrüßen?,Vielleicht,Nachhaltigkeit
"Wären Sie bereit, mehr für nachhaltige Produkte zu bezahlen?",Nein,Online-Verhalten
"Wären Sie bereit, mehr für nachhaltige Produkte zu bezahlen?",Ja,Standortpräferenzen
Wie oft besuchen Sie Wochenmärkte?,Selten,Konsumverhalten
Würden Sie einen neuen Markt in Ihrer Nähe begrüßen?,Ja,Marktpräferenzen
Wie oft besuchen Sie Wochenmärkte?,Monatlich,Produktvorlieben
Wie oft nutzen Sie Online-Marktplätze?,Selten,Online-Verhalten
Wie oft nutzen Sie Online-Marktplätze?,Nie,Online-Verhalten
Wie wichtig ist Ihnen eine breite Produktpalette?,Unwichtig,Konsumverhalten
Wie oft nutzen Sie Online-Marktplätze?,Wöchentlich,Standortpräferenzen
Kaufen Sie oft regionale Produkte?,Gelegentlich,Konsumverhalten
Wie wichtig ist Ihnen eine breite Produktpalette?,Sehr wichtig,Produktvorlieben
Würden Sie einen neuen Markt in Ihrer Nähe begrüßen?,Vielleicht,Online-Verhalten
Wie wichtig ist Ihnen eine breite Produktpalette?,Wichtig,Standortpräferenzen
Wie wichtig ist Ihnen der Standort eines Marktes?,Wichtig,Produktvorlieben
Wie oft besuchen Sie Wochenmärkte?,Selten,Online-Verhalten
Wie wichtig ist Ihnen der Standort eines Marktes?,Wichtig,Nachhaltigkeit
Kaufen Sie oft regionale Produkte?,Ja,Marktpräferenzen
Wie zufrieden sind Sie mit lokalen Märkten?,Unzufrieden,Standortpräferenzen
Kaufen Sie oft regionale Produkte?,Gelegentlich,Nachhaltigkeit
Wie oft nutzen Sie Online-Marktplätze?,Selten,Online-Verhalten
Kaufen Sie oft regionale Produkte?,Gelegentlich,Nachhaltigkeit
Wie wichtig ist Ihnen der Standort eines Marktes?,Unwichtig,Marktpräferenzen
